,authorDisplayName,authorProfileImageUrl,authorChannelUrl,authorChannelId,videoId,textDisplay,textOriginal,parentId,canRate,viewerRating,likeCount,publishedAt,updatedAt
value,MALNOURISHED PANDA,https://yt3.ggpht.com/a/AGF-l79FxFDvSh9HqGvk5tp5h3Mz_l8FiiGTg5XQWQ=s48-c-k-c0xffffffff-no-rj-mo,http://www.youtube.com/channel/UCcErNlirLCz_q6qo_DxsWZA,UCcErNlirLCz_q6qo_DxsWZA,q4PWBf04V54,I use a tank,I use a tank,Ugh5fRN9Gv3Uk3gCoAEC,True,none,2,2020-01-01T23:41:17.000Z,2020-01-01T23:41:17.000Z
value,Omar Taylor,https://yt3.ggpht.com/a/AGF-l7_PrVJWsb2sI60Nqc-QzUMDAci_G6ZTGnczTQ=s48-c-k-c0xffffffff-no-rj-mo,http://www.youtube.com/channel/UCGlOW3Oo1T66a54qDiQFoyw,UCGlOW3Oo1T66a54qDiQFoyw,q4PWBf04V54,Lmao,Lmao,Ugh5fRN9Gv3Uk3gCoAEC,True,none,0,2019-02-05T15:46:18.000Z,2019-02-05T15:46:18.000Z
value,Alonzo T,https://yt3.ggpht.com/a/AGF-l7-bl7OSuP0jpAkD1BABSL0a2jD_x7OV2o_5MQ=s48-c-k-c0xffffffff-no-rj-mo,http://www.youtube.com/channel/UCMPr0fOL6XVIyxmt32BNMqw,UCMPr0fOL6XVIyxmt32BNMqw,q4PWBf04V54,ðŸ˜‚,ðŸ˜‚,Ugh5fRN9Gv3Uk3gCoAEC,True,none,0,2018-11-09T21:45:13.000Z,2018-11-09T21:45:13.000Z
value,Djolee,https://yt3.ggpht.com/a/AGF-l7-mPtIKtoMK7DBX2Llt-nCERzcQ6bm8MmvBnQ=s48-c-k-c0xffffffff-no-rj-mo,http://www.youtube.com/channel/UClqDTrTvB_9Nj_1V-5VngLg,UClqDTrTvB_9Nj_1V-5VngLg,q4PWBf04V54,max factor  Real man grow beard,max factor  Real man grow beard,Ugh5fRN9Gv3Uk3gCoAEC,True,none,6,2018-06-15T00:43:38.000Z,2018-06-15T00:43:38.000Z
value,RamboNambo (aka Sorpresa),https://yt3.ggpht.com/a/AGF-l7_i7Y6jllDKQWH-6Z19QojKzh9FYkw76MKOmQ=s48-c-k-c0xffffffff-no-rj-mo,http://www.youtube.com/channel/UC0DJ3XBal8WcotZAz8bdIXA,UC0DJ3XBal8WcotZAz8bdIXA,q4PWBf04V54,Ivan shaves with Machete.,Ivan shaves with Machete.,Ugh5fRN9Gv3Uk3gCoAEC,True,none,2,2018-03-25T04:29:45.000Z,2018-03-25T04:29:45.000Z
value,Mark Humphreys,https://yt3.ggpht.com/a/AGF-l7-Fgu0uvrAuppkvdl0ikLYBn4hyKlz99_hoxA=s48-c-k-c0xffffffff-no-rj-mo,http://www.youtube.com/channel/UC-iv2cw1IrHrNA5YC2_41zg,UC-iv2cw1IrHrNA5YC2_41zg,q4PWBf04V54,@aramis661 Ooooh Thank you!,@aramis661 Ooooh Thank you!,UggQtSA5hiqeCHgCoAEC,True,none,0,2015-07-14T01:46:50.000Z,2015-07-14T01:46:50.000Z
value,zaki moulen,https://yt3.ggpht.com/a/AGF-l7_fiKBrsQafJwtwOOaQqNnisxdt51-TxwdWjw=s48-c-k-c0xffffffff-no-rj-mo,http://www.youtube.com/channel/UCEnBO8EPKhMBd_l89Ik46rg,UCEnBO8EPKhMBd_l89Ik46rg,q4PWBf04V54,Fucking putana...go find men somewhere else his Dadi has with,Fucking putana...go find men somewhere else his Dadi has with,Ughv73DihjRyQXgCoAEC,True,none,0,2018-11-19T00:48:31.000Z,2018-11-19T00:48:31.000Z
value,Mr. Robot,https://yt3.ggpht.com/a/AGF-l78hlMb5B5cTIzHFWJJWtWtKlYOa7evAWseDLA=s48-c-k-c0xffffffff-no-rj-mo,http://www.youtube.com/channel/UCP6bAFovPwS5gOC5_ai-ooA,UCP6bAFovPwS5gOC5_ai-ooA,q4PWBf04V54,@La Verga En La Que Te Sientas me,@La Verga En La Que Te Sientas me,Ughv73DihjRyQXgCoAEC,True,none,0,2018-09-20T22:16:36.000Z,2018-09-20T22:16:36.000Z
value,Youngboy,https://yt3.ggpht.com/a/AGF-l78xPukqh1VSXxtfZePu6Iwa9ovl3AUgWOiRZA=s48-c-k-c0xffffffff-no-rj-mo,http://www.youtube.com/channel/UCpJL5l0X6gr8jLzOd74-Mpw,UCpJL5l0X6gr8jLzOd74-Mpw,q4PWBf04V54,I know i friken love him,I know i friken love him,Ughv73DihjRyQXgCoAEC,True,none,0,2016-03-25T07:11:27.000Z,2016-03-25T07:11:27.000Z
value,slynomics,https://yt3.ggpht.com/a/AGF-l7-dgdfh822AICLHjgVyNWRWB3jGm-9Pni1phw=s48-c-k-c0xffffffff-no-rj-mo,http://www.youtube.com/channel/UCG0p9sU_akbDsm1hsvy-MSA,UCG0p9sU_akbDsm1hsvy-MSA,q4PWBf04V54,+La Verga En La Que Te Sientas hahahahahaga,+La Verga En La Que Te Sientas hahahahahaga,Ughv73DihjRyQXgCoAEC,True,none,0,2016-03-12T11:39:49.000Z,2016-03-12T11:39:49.000Z
value,La Verga En La Que Te Sientas,https://yt3.ggpht.com/a/AGF-l7-gu3XQ_c7u2QPjZp55USoFFYLdwFB4cDpheQ=s48-c-k-c0xffffffff-no-rj-mo,http://www.youtube.com/channel/UCzRXyiyw0i9Hczof5P0b1VA,UCzRXyiyw0i9Hczof5P0b1VA,q4PWBf04V54,who have bigger dick?,who have bigger dick?,Ughv73DihjRyQXgCoAEC,True,none,12,2015-12-02T12:48:07.000Z,2015-12-02T12:48:07.000Z
value,iraqi beast,https://yt3.ggpht.com/a/AGF-l79vfRoIZzLelYf7gHaGu_eeEqU3A2wnMMDDFQ=s48-c-k-c0xffffffff-no-rj-mo,http://www.youtube.com/channel/UCgPFUdmRVD_roknDzS_1mvQ,UCgPFUdmRVD_roknDzS_1mvQ,q4PWBf04V54,N Williams tired of the bbc?,N Williams tired of the bbc?,UgipWrVsN5QJingCoAEC,True,none,1,2017-12-13T23:38:58.000Z,2017-12-13T23:38:58.000Z
value,Mark Humphreys,https://yt3.ggpht.com/a/AGF-l7-Fgu0uvrAuppkvdl0ikLYBn4hyKlz99_hoxA=s48-c-k-c0xffffffff-no-rj-mo,http://www.youtube.com/channel/UC-iv2cw1IrHrNA5YC2_41zg,UC-iv2cw1IrHrNA5YC2_41zg,q4PWBf04V54,Hahahaha! So true!!Â ,Hahahaha! So true!!Â ,Ugiy1vf3LJpG5XgCoAEC,True,none,0,2015-05-31T06:10:53.000Z,2015-05-31T06:10:53.000Z
value,Jeffrey Plashka,https://yt3.ggpht.com/a/AGF-l79mhseUoqMuCH_gK8MQygvuLDPuGJsomQSH-w=s48-c-k-c0xffffffff-no-rj-mo,http://www.youtube.com/channel/UCM4bGqKOE2IwVdkGJrmVQfA,UCM4bGqKOE2IwVdkGJrmVQfA,q4PWBf04V54,"It&#39;s a daily internal struggle I face... Clean shaven,  or rugged? I feel I have the rest of my life to look older,  but I&#39;ll probably rock the beard better younger... Hahaha,  freaking indecisiveness is a bitch! ","It's a daily internal struggle I face... Clean shaven,  or rugged? I feel I have the rest of my life to look older,  but I'll probably rock the beard better younger... Hahaha,  freaking indecisiveness is a bitch! ",Ugiy1vf3LJpG5XgCoAEC,True,none,1,2015-05-30T17:24:39.000Z,2015-05-30T17:24:39.000Z
value,Mark Humphreys,https://yt3.ggpht.com/a/AGF-l7-Fgu0uvrAuppkvdl0ikLYBn4hyKlz99_hoxA=s48-c-k-c0xffffffff-no-rj-mo,http://www.youtube.com/channel/UC-iv2cw1IrHrNA5YC2_41zg,UC-iv2cw1IrHrNA5YC2_41zg,q4PWBf04V54,@Jeffrey Plashka Thanks man! It&#39;s growing and being trimmed all at the same time. It&#39;s a never ending battle haha,@Jeffrey Plashka Thanks man! It's growing and being trimmed all at the same time. It's a never ending battle haha,Ugiy1vf3LJpG5XgCoAEC,True,none,0,2015-05-30T17:20:41.000Z,2015-05-30T17:20:41.000Z
value,Mark Humphreys,https://yt3.ggpht.com/a/AGF-l7-Fgu0uvrAuppkvdl0ikLYBn4hyKlz99_hoxA=s48-c-k-c0xffffffff-no-rj-mo,http://www.youtube.com/channel/UC-iv2cw1IrHrNA5YC2_41zg,UC-iv2cw1IrHrNA5YC2_41zg,q4PWBf04V54,"@edgar gonzalez Thanks, and yes, I will keep them coming!","@edgar gonzalez Thanks, and yes, I will keep them coming!",Ugg33pcWMgcpwngCoAEC,True,none,1,2015-04-28T04:19:16.000Z,2015-04-28T04:19:16.000Z
value,trevor stevenson,https://yt3.ggpht.com/a/AGF-l78GmYG0fOTlcig_ZdhHzaj3KdwY6qtkNWqoPg=s48-c-k-c0xffffffff-no-rj-mo,http://www.youtube.com/channel/UCixJiAcAwFtBN7bf8fivKPg,UCixJiAcAwFtBN7bf8fivKPg,q4PWBf04V54,Mark Humphreys dude is it just me or did you remove a bulk of hair with the braun shaver?,Mark Humphreys dude is it just me or did you remove a bulk of hair with the braun shaver?,Ughd_I0cUC6NSngCoAEC,True,none,0,2017-05-26T15:41:00.000Z,2017-05-26T15:41:00.000Z
value,Peter Louis,https://yt3.ggpht.com/a/AGF-l78QmDBqgxtQiCGbsDGkKYS0mSKpfTdDKXpFKg=s48-c-k-c0xffffffff-no-rj-mo,http://www.youtube.com/channel/UC2Qw9J1_K1dq43EGjc-CqlQ,UC2Qw9J1_K1dq43EGjc-CqlQ,q4PWBf04V54,"Awesome i&#39;m excited to see you review one! if you need any help with safety razors check out youtuber nickshaves, and for straight razors check out geofatboy. but i advise you start with safety razors. have fun!","Awesome i'm excited to see you review one! if you need any help with safety razors check out youtuber nickshaves, and for straight razors check out geofatboy. but i advise you start with safety razors. have fun!",Ughd_I0cUC6NSngCoAEC,True,none,0,2016-08-17T05:37:52.000Z,2016-08-17T05:37:52.000Z
value,Mark Humphreys,https://yt3.ggpht.com/a/AGF-l7-Fgu0uvrAuppkvdl0ikLYBn4hyKlz99_hoxA=s48-c-k-c0xffffffff-no-rj-mo,http://www.youtube.com/channel/UC-iv2cw1IrHrNA5YC2_41zg,UC-iv2cw1IrHrNA5YC2_41zg,q4PWBf04V54,Nice man! That might get me off to a good start!,Nice man! That might get me off to a good start!,Ughd_I0cUC6NSngCoAEC,True,none,0,2016-08-17T01:53:11.000Z,2016-08-17T01:53:11.000Z
value,Peter Louis,https://yt3.ggpht.com/a/AGF-l78QmDBqgxtQiCGbsDGkKYS0mSKpfTdDKXpFKg=s48-c-k-c0xffffffff-no-rj-mo,http://www.youtube.com/channel/UC2Qw9J1_K1dq43EGjc-CqlQ,UC2Qw9J1_K1dq43EGjc-CqlQ,q4PWBf04V54,"+Mark Humphreys hey mark there are various types differ on how the DE blade is mounted, coarseness of the shave, handle length, weight of the razor.. And opinions tend to vary. I myself have a few favorites but ild say one safety razor everyone seems to love is the Merkur 34C, you cant go wrong with that. As for blades, astra would be a good one on the very sharp scale and derby would be good on the less sharp scale. I currently use straight razors but still use safety razors from time to time!","+Mark Humphreys hey mark there are various types differ on how the DE blade is mounted, coarseness of the shave, handle length, weight of the razor.. And opinions tend to vary. I myself have a few favorites but ild say one safety razor everyone seems to love is the Merkur 34C, you cant go wrong with that. As for blades, astra would be a good one on the very sharp scale and derby would be good on the less sharp scale. I currently use straight razors but still use safety razors from time to time!",Ughd_I0cUC6NSngCoAEC,True,none,0,2016-08-16T08:59:10.000Z,2016-08-16T08:59:10.000Z
value,Mark Humphreys,https://yt3.ggpht.com/a/AGF-l7-Fgu0uvrAuppkvdl0ikLYBn4hyKlz99_hoxA=s48-c-k-c0xffffffff-no-rj-mo,http://www.youtube.com/channel/UC-iv2cw1IrHrNA5YC2_41zg,UC-iv2cw1IrHrNA5YC2_41zg,q4PWBf04V54,I really want to try one! What would you recommend?,I really want to try one! What would you recommend?,Ughd_I0cUC6NSngCoAEC,True,none,0,2016-08-16T04:09:37.000Z,2016-08-16T04:09:37.000Z
value,Mark Humphreys,https://yt3.ggpht.com/a/AGF-l7-Fgu0uvrAuppkvdl0ikLYBn4hyKlz99_hoxA=s48-c-k-c0xffffffff-no-rj-mo,http://www.youtube.com/channel/UC-iv2cw1IrHrNA5YC2_41zg,UC-iv2cw1IrHrNA5YC2_41zg,q4PWBf04V54,@Erlan Delgado Thanks pal! I&#39;m super stoked about it. I&#39;m almost to 600 now! WOOHOO!,@Erlan Delgado Thanks pal! I'm super stoked about it. I'm almost to 600 now! WOOHOO!,UgjvPX7qr8UJXXgCoAEC,True,none,0,2015-04-28T04:19:43.000Z,2015-04-28T04:19:43.000Z
value,Mark Humphreys,https://yt3.ggpht.com/a/AGF-l7-Fgu0uvrAuppkvdl0ikLYBn4hyKlz99_hoxA=s48-c-k-c0xffffffff-no-rj-mo,http://www.youtube.com/channel/UC-iv2cw1IrHrNA5YC2_41zg,UC-iv2cw1IrHrNA5YC2_41zg,q4PWBf04V54,@Jakub Chmiel Thanks man!! :D,@Jakub Chmiel Thanks man!! :D,UgjpiV5DBNK0m3gCoAEC,True,none,0,2015-04-29T02:16:21.000Z,2015-04-29T02:16:21.000Z
value,Iftekhar Khan,https://yt3.ggpht.com/a/AGF-l78hnYKg3l36LcKC_VRvacZuFOg0AEKR2sdh7w=s48-c-k-c0xffffffff-no-rj-mo,http://www.youtube.com/channel/UCv6aFHUm-WO7AJp6UKQf17w,UCv6aFHUm-WO7AJp6UKQf17w,q4PWBf04V54,10eittaf <br />Guys do yourself a favor<br />use Double Edge blade Not only you will save money buy you will get lovely sweet fabulous shave,"10eittaf 
Guys do yourself a favor
use Double Edge blade Not only you will save money buy you will get lovely sweet fabulous shave",UgjLTV0biHG26HgCoAEC,True,none,5,2017-04-16T20:58:02.000Z,2017-04-16T20:58:02.000Z
value,Scott Gibson,https://yt3.ggpht.com/a/AGF-l7-psldP_a2VPmfs7mVknv_2-kc8Mk9VzYcxeQ=s48-c-k-c0xffffffff-no-rj-mo,http://www.youtube.com/channel/UCtANWqSR49ufiQduCqLOLmQ,UCtANWqSR49ufiQduCqLOLmQ,q4PWBf04V54,"+Chris Coyle The best place for info on traditional wet shaving is the Badger&amp;Blade Forum.It was on their advice that I got my KentBK4 badger hair brush.Using the Kent brush and Geo.F Trumper shave cream provides a luxury shaving experience that has to be felt to be believed!Unfortunately I have been permanently banned from Badger and Blade.A moderator chastised me for what he considered an off topic post. I,wrote him back and said&quot;If I had wanted to deal wit assholes,I would have gone to the DMV.For some reason he took offense at that. c&#39;est la vie!","+Chris Coyle The best place for info on traditional wet shaving is the Badger&Blade Forum.It was on their advice that I got my KentBK4 badger hair brush.Using the Kent brush and Geo.F Trumper shave cream provides a luxury shaving experience that has to be felt to be believed!Unfortunately I have been permanently banned from Badger and Blade.A moderator chastised me for what he considered an off topic post. I,wrote him back and said""If I had wanted to deal wit assholes,I would have gone to the DMV.For some reason he took offense at that. c'est la vie!",UgjLTV0biHG26HgCoAEC,True,none,0,2015-09-15T20:00:12.000Z,2015-09-15T20:00:12.000Z
value,Scott Gibson,https://yt3.ggpht.com/a/AGF-l7-psldP_a2VPmfs7mVknv_2-kc8Mk9VzYcxeQ=s48-c-k-c0xffffffff-no-rj-mo,http://www.youtube.com/channel/UCtANWqSR49ufiQduCqLOLmQ,UCtANWqSR49ufiQduCqLOLmQ,q4PWBf04V54,"that was always my issue with electric shavers.My wife gave me aBraun Cooltec CT5cc. And Iloveit.The Cooltec may sound like a gimmick,but it works.The Cooltecs are basically Series3 shavers with the cooling technology,so it won.&#39;tshave as fast as a Series 5 shaver.With repeated passes and patience,it will shave as close.My wife insists I shave every day whether Imwant to or not,so My Cooltec doesn&#39;t have to deal with3daygrowths,or longer.I now feel I have an electric shaver I can stay with.Of course I&#39;m not getting rid of my Merkur razors either.","that was always my issue with electric shavers.My wife gave me aBraun Cooltec CT5cc. And Iloveit.The Cooltec may sound like a gimmick,but it works.The Cooltecs are basically Series3 shavers with the cooling technology,so it won.'tshave as fast as a Series 5 shaver.With repeated passes and patience,it will shave as close.My wife insists I shave every day whether Imwant to or not,so My Cooltec doesn't have to deal with3daygrowths,or longer.I now feel I have an electric shaver I can stay with.Of course I'm not getting rid of my Merkur razors either.",UgjLTV0biHG26HgCoAEC,True,none,3,2015-09-15T19:34:20.000Z,2015-09-15T19:34:20.000Z
value,Chris Shaves,https://yt3.ggpht.com/a/AGF-l79NPxull5yIJEYwBjl5U6AbZ8Ul9iUTM7exgQ=s48-c-k-c0xffffffff-no-rj-mo,http://www.youtube.com/channel/UC2juIpDdq9N92UosE0IStvg,UC2juIpDdq9N92UosE0IStvg,q4PWBf04V54,@Mark Humphreys  This razor is a cartridge razor and they tend to give irritation and ingrown hairs buy a safety razor and some DE blades and a decent soap and shaving brush. you will spend a little in the beginning but save a lot in the end as 100 blades cost as little as $12  and a soap will last upward of 6 months . If you need help getting put in the right direction come check out the facebook group Shave the Man  ! lots of gents that can  give you info on a good beginner setup :),@Mark Humphreys  This razor is a cartridge razor and they tend to give irritation and ingrown hairs buy a safety razor and some DE blades and a decent soap and shaving brush. you will spend a little in the beginning but save a lot in the end as 100 blades cost as little as $12  and a soap will last upward of 6 months . If you need help getting put in the right direction come check out the facebook group Shave the Man  ! lots of gents that can  give you info on a good beginner setup :),UgjLTV0biHG26HgCoAEC,True,none,0,2015-07-17T21:30:07.000Z,2015-07-17T21:30:07.000Z
value,Mark Humphreys,https://yt3.ggpht.com/a/AGF-l7-Fgu0uvrAuppkvdl0ikLYBn4hyKlz99_hoxA=s48-c-k-c0xffffffff-no-rj-mo,http://www.youtube.com/channel/UC-iv2cw1IrHrNA5YC2_41zg,UC-iv2cw1IrHrNA5YC2_41zg,q4PWBf04V54,"@10eittaf You know what&#39;s funny, is that this razor actually gave me severe razor burn after this video. But now I shave with it, and I just don&#39;t do it as rough, and it works great. My face isn&#39;t nearly as irritated after.","@10eittaf You know what's funny, is that this razor actually gave me severe razor burn after this video. But now I shave with it, and I just don't do it as rough, and it works great. My face isn't nearly as irritated after.",UgjLTV0biHG26HgCoAEC,True,none,5,2015-07-11T17:55:37.000Z,2015-07-11T17:55:37.000Z
value,Maylen Diaz,https://yt3.ggpht.com/a/AGF-l7_XE_TP4NyCkQjRPczJBTPFCiH1g_Ez9lnPxw=s48-c-k-c0xffffffff-no-rj-mo,http://www.youtube.com/channel/UCGg6Dm3bDdgJ2OA6a_9yJlA,UCGg6Dm3bDdgJ2OA6a_9yJlA,q4PWBf04V54,xoxo,xoxo,UgimXGUxRHm1tXgCoAEC,True,none,0,2018-03-04T08:49:16.000Z,2018-03-04T08:49:16.000Z
value,Mark Humphreys,https://yt3.ggpht.com/a/AGF-l7-Fgu0uvrAuppkvdl0ikLYBn4hyKlz99_hoxA=s48-c-k-c0xffffffff-no-rj-mo,http://www.youtube.com/channel/UC-iv2cw1IrHrNA5YC2_41zg,UC-iv2cw1IrHrNA5YC2_41zg,q4PWBf04V54,"+ilia djondric No way! Man, I might just have to! I&#39;ll Google it now. haha","+ilia djondric No way! Man, I might just have to! I'll Google it now. haha",UgimXGUxRHm1tXgCoAEC,True,none,0,2015-09-29T01:25:21.000Z,2015-09-29T01:25:21.000Z
value,Mark Humphreys,https://yt3.ggpht.com/a/AGF-l7-Fgu0uvrAuppkvdl0ikLYBn4hyKlz99_hoxA=s48-c-k-c0xffffffff-no-rj-mo,http://www.youtube.com/channel/UC-iv2cw1IrHrNA5YC2_41zg,UC-iv2cw1IrHrNA5YC2_41zg,q4PWBf04V54,+Brian Ryle Espuerta Spots or blank spots? lol,+Brian Ryle Espuerta Spots or blank spots? lol,UgjwLsfyM4RuT3gCoAEC,True,none,1,2016-04-22T04:32:05.000Z,2016-04-22T04:32:05.000Z
value,Mark Humphreys,https://yt3.ggpht.com/a/AGF-l7-Fgu0uvrAuppkvdl0ikLYBn4hyKlz99_hoxA=s48-c-k-c0xffffffff-no-rj-mo,http://www.youtube.com/channel/UC-iv2cw1IrHrNA5YC2_41zg,UC-iv2cw1IrHrNA5YC2_41zg,q4PWBf04V54,6 months!! Oh man! How exciting for you! I bet the countdown has already begun!Â ,6 months!! Oh man! How exciting for you! I bet the countdown has already begun!Â ,UgjAOsWpStnYF3gCoAEC,True,none,0,2015-05-08T01:24:26.000Z,2015-05-08T01:24:26.000Z
value,JP Goes Global,https://yt3.ggpht.com/a/AGF-l7-iOvzCT55Xi1rgyk62GZSgxVQAhTPiXD4XqA=s48-c-k-c0xffffffff-no-rj-mo,http://www.youtube.com/channel/UC2EenZ5XNqMbr07EC_GjvcA,UC2EenZ5XNqMbr07EC_GjvcA,q4PWBf04V54,"@MarksBucketÂ Haha! No worries. Hope you had a blast. ...Well, if we&#39;re going to organize something, we got 6 months left...","@MarksBucketÂ Haha! No worries. Hope you had a blast. ...Well, if we're going to organize something, we got 6 months left...",UgjAOsWpStnYF3gCoAEC,True,none,0,2015-05-07T17:52:10.000Z,2015-05-07T17:52:10.000Z
value,Mark Humphreys,https://yt3.ggpht.com/a/AGF-l7-Fgu0uvrAuppkvdl0ikLYBn4hyKlz99_hoxA=s48-c-k-c0xffffffff-no-rj-mo,http://www.youtube.com/channel/UC-iv2cw1IrHrNA5YC2_41zg,UC-iv2cw1IrHrNA5YC2_41zg,q4PWBf04V54,@JP Goes Global Thanks man! Gah! I totally forgot that we were going to meet up! I was just sailing the Bay last weekend!,@JP Goes Global Thanks man! Gah! I totally forgot that we were going to meet up! I was just sailing the Bay last weekend!,UgjAOsWpStnYF3gCoAEC,True,none,0,2015-05-07T00:53:27.000Z,2015-05-07T00:53:27.000Z
value,Mark Humphreys,https://yt3.ggpht.com/a/AGF-l7-Fgu0uvrAuppkvdl0ikLYBn4hyKlz99_hoxA=s48-c-k-c0xffffffff-no-rj-mo,http://www.youtube.com/channel/UC-iv2cw1IrHrNA5YC2_41zg,UC-iv2cw1IrHrNA5YC2_41zg,q4PWBf04V54,@E R.A.Â Thanks man! That is all great advice!Â ,@E R.A.Â Thanks man! That is all great advice!Â ,UggE5yVmjVPeCngCoAEC,True,none,0,2016-02-05T00:02:19.000Z,2016-02-05T00:02:19.000Z
value,Mark Humphreys,https://yt3.ggpht.com/a/AGF-l7-Fgu0uvrAuppkvdl0ikLYBn4hyKlz99_hoxA=s48-c-k-c0xffffffff-no-rj-mo,http://www.youtube.com/channel/UC-iv2cw1IrHrNA5YC2_41zg,UC-iv2cw1IrHrNA5YC2_41zg,q4PWBf04V54,@E R.A.Â Oooh. I like the idea! What kind do you recommend?Â ,@E R.A.Â Oooh. I like the idea! What kind do you recommend?Â ,UggE5yVmjVPeCngCoAEC,True,none,0,2016-02-02T01:03:12.000Z,2016-02-02T01:03:12.000Z
value,E R.A.,https://yt3.ggpht.com/a/AGF-l79hoQWQGXDJtifRd-VgZdlYBYIz7xgMmrgXaw=s48-c-k-c0xffffffff-no-rj-mo,http://www.youtube.com/channel/UCQbQQzkY4HM81QK3iSxXjIA,UCQbQQzkY4HM81QK3iSxXjIA,q4PWBf04V54,+Mark Humphreys have you tried pre-electric lotion for the dry shaving??..............try and you will see how smooth and comfortable the shaving can be..........I do both (wet/dry electric shaving) but the dry shaving with pre-electric lotion is closer than the wet..............it might be a case of opinions anyway......,+Mark Humphreys have you tried pre-electric lotion for the dry shaving??..............try and you will see how smooth and comfortable the shaving can be..........I do both (wet/dry electric shaving) but the dry shaving with pre-electric lotion is closer than the wet..............it might be a case of opinions anyway......,UggE5yVmjVPeCngCoAEC,True,none,0,2016-01-31T21:35:20.000Z,2016-01-31T21:35:20.000Z
value,Mark Humphreys,https://yt3.ggpht.com/a/AGF-l7-Fgu0uvrAuppkvdl0ikLYBn4hyKlz99_hoxA=s48-c-k-c0xffffffff-no-rj-mo,http://www.youtube.com/channel/UC-iv2cw1IrHrNA5YC2_41zg,UC-iv2cw1IrHrNA5YC2_41zg,q4PWBf04V54,"+Shivram Rajput <a href=""http://www.braun.com/us/male-grooming/series-shavers/series-5/series-5-models.html"">http://www.braun.com/us/male-grooming/series-shavers/series-5/series-5-models.html</a><br /> It&#39;s the wet and dry version.","+Shivram Rajput http://www.braun.com/us/male-grooming/series-shavers/series-5/series-5-models.html
 It's the wet and dry version.",UggE5yVmjVPeCngCoAEC,True,none,1,2016-01-24T23:43:00.000Z,2016-01-24T23:43:00.000Z
value,Tanner grinzel,https://yt3.ggpht.com/a/AGF-l785d7cvNIwlaaPIFjdRgEfb-VI_N7dyFYaLBw=s48-c-k-c0xffffffff-no-rj-mo,http://www.youtube.com/channel/UChAG-z5E5t9JuSstyj-IEjQ,UChAG-z5E5t9JuSstyj-IEjQ,q4PWBf04V54,Hi no only the you would shave with a blade,Hi no only the you would shave with a blade,Ughu667B8U4hZHgCoAEC,True,none,0,2017-02-26T07:26:57.000Z,2017-02-26T07:26:57.000Z
value,yourtub,https://yt3.ggpht.com/a/AGF-l7-TTSzN0fB40eFmfK3JwlFinwsGoK6OBDqxUA=s48-c-k-c0xffffffff-no-rj-mo,http://www.youtube.com/channel/UCfOzOr-SPoUzMXD3yUxDQiQ,UCfOzOr-SPoUzMXD3yUxDQiQ,q4PWBf04V54,+Marielle Hembra its traumatic isnt it,+Marielle Hembra its traumatic isnt it,UggEBf9W7EDcd3gCoAEC,True,none,0,2016-03-26T07:36:53.000Z,2016-03-26T07:36:53.000Z
value,Mark Humphreys,https://yt3.ggpht.com/a/AGF-l7-Fgu0uvrAuppkvdl0ikLYBn4hyKlz99_hoxA=s48-c-k-c0xffffffff-no-rj-mo,http://www.youtube.com/channel/UC-iv2cw1IrHrNA5YC2_41zg,UC-iv2cw1IrHrNA5YC2_41zg,q4PWBf04V54,+samir hadad Isn&#39;t there something specifically for this called the Bald Eagle? I think I&#39;ve seen an add for it.,+samir hadad Isn't there something specifically for this called the Bald Eagle? I think I've seen an add for it.,Ugj1ggnHtQIinXgCoAEC,True,none,0,2016-02-24T01:24:50.000Z,2016-02-24T01:24:50.000Z
value,Mark Humphreys,https://yt3.ggpht.com/a/AGF-l7-Fgu0uvrAuppkvdl0ikLYBn4hyKlz99_hoxA=s48-c-k-c0xffffffff-no-rj-mo,http://www.youtube.com/channel/UC-iv2cw1IrHrNA5YC2_41zg,UC-iv2cw1IrHrNA5YC2_41zg,q4PWBf04V54,"+Roberto Terella I know, I know. But it grows back! There are plenty more where that one came from!","+Roberto Terella I know, I know. But it grows back! There are plenty more where that one came from!",UghmdN92uwjrNXgCoAEC,True,none,0,2016-04-22T04:29:18.000Z,2016-04-22T04:29:18.000Z
value,Renaldo Aggrey,https://yt3.ggpht.com/a/AGF-l7-RH4KIRUHDmDZubRbVGWwL9cqhQHhRwPeVoQ=s48-c-k-c0xffffffff-no-rj-mo,http://www.youtube.com/channel/UCCXZvr9XsqwLWaZ2EoL7F7Q,UCCXZvr9XsqwLWaZ2EoL7F7Q,q4PWBf04V54,+Mark Humphreys I do apologise aha,+Mark Humphreys I do apologise aha,UggKjlfgIiHj0XgCoAEC,True,none,0,2015-11-29T11:26:37.000Z,2015-11-29T11:26:37.000Z
value,Mark Humphreys,https://yt3.ggpht.com/a/AGF-l7-Fgu0uvrAuppkvdl0ikLYBn4hyKlz99_hoxA=s48-c-k-c0xffffffff-no-rj-mo,http://www.youtube.com/channel/UC-iv2cw1IrHrNA5YC2_41zg,UC-iv2cw1IrHrNA5YC2_41zg,q4PWBf04V54,"+Renaldo Aggrey Good observation! I know, it was a little confusing, even for me when I was editing it. haha","+Renaldo Aggrey Good observation! I know, it was a little confusing, even for me when I was editing it. haha",UggKjlfgIiHj0XgCoAEC,True,none,1,2015-11-29T07:51:18.000Z,2015-11-29T07:51:18.000Z
value,Renaldo Aggrey,https://yt3.ggpht.com/a/AGF-l7-RH4KIRUHDmDZubRbVGWwL9cqhQHhRwPeVoQ=s48-c-k-c0xffffffff-no-rj-mo,http://www.youtube.com/channel/UCCXZvr9XsqwLWaZ2EoL7F7Q,UCCXZvr9XsqwLWaZ2EoL7F7Q,q4PWBf04V54,+Renaldo Aggrey My bad I had another look I&#39;m getting confused because it was in the mirror LOOOOOOOOL my bad!,+Renaldo Aggrey My bad I had another look I'm getting confused because it was in the mirror LOOOOOOOOL my bad!,UggKjlfgIiHj0XgCoAEC,True,none,1,2015-11-29T04:26:41.000Z,2015-11-29T04:26:41.000Z
value,Mark Humphreys,https://yt3.ggpht.com/a/AGF-l7-Fgu0uvrAuppkvdl0ikLYBn4hyKlz99_hoxA=s48-c-k-c0xffffffff-no-rj-mo,http://www.youtube.com/channel/UC-iv2cw1IrHrNA5YC2_41zg,UC-iv2cw1IrHrNA5YC2_41zg,q4PWBf04V54,"+Dana Williama You gotta just use a regular razor. If this razor is too loud, you won&#39;t be able to use electric shavers.","+Dana Williama You gotta just use a regular razor. If this razor is too loud, you won't be able to use electric shavers.",UgjYgfQv2PYbbngCoAEC,True,none,0,2015-12-26T20:13:20.000Z,2015-12-26T20:13:20.000Z
value,LeBreve,https://yt3.ggpht.com/a/AGF-l785GQCKQSD0G0XVtOmaFbH4akxNbBVMNhrXww=s48-c-k-c0xffffffff-no-rj-mo,http://www.youtube.com/channel/UCULfm-I6XstPlKOSwWNkNnQ,UCULfm-I6XstPlKOSwWNkNnQ,q4PWBf04V54,Mirror!!!,Mirror!!!,UgwnaHgXwc7ODMt2yeZ4AaABAg,True,none,0,2019-09-10T14:03:46.000Z,2019-09-10T14:03:46.000Z
value,Deeznuts,https://yt3.ggpht.com/a/AGF-l78qO1xXhQEH4xhb2qzVIqmfTdZvAWqHpOvJ=s48-c-k-c0xffffffff-no-rj-mo,http://www.youtube.com/channel/UCd1J54oL6un1ysxPTkMJWQw,UCd1J54oL6un1ysxPTkMJWQw,q4PWBf04V54,Peter Do you need to do something before shaving (protection etc..) or can you just shave without anything?,Peter Do you need to do something before shaving (protection etc..) or can you just shave without anything?,UgjYqFLXT52tMngCoAEC,True,none,0,2019-06-12T11:32:57.000Z,2019-06-12T11:32:57.000Z
value,AkÄ±n Ã–zer,https://yt3.ggpht.com/a/AGF-l7_pvy8zkLuHSf1sd627_dxMMOUcDu1PLyG5HA=s48-c-k-c0xffffffff-no-rj-mo,http://www.youtube.com/channel/UCOeynTMHrwqaZZiUxvi_oYQ,UCOeynTMHrwqaZZiUxvi_oYQ,q4PWBf04V54,Nice tips.,Nice tips.,UgjYqFLXT52tMngCoAEC,True,none,0,2017-10-29T17:24:42.000Z,2017-10-29T17:24:42.000Z
value,Peter,https://yt3.ggpht.com/a/AGF-l7_nb1fUHj8lpaYroB_13hOTOzbwXOzcyCGuJw=s48-c-k-c0xffffffff-no-rj-mo,http://www.youtube.com/channel/UCbyX_IIZx4RryFOOZDOW44A,UCbyX_IIZx4RryFOOZDOW44A,q4PWBf04V54,I just got into shaving with an electric shaver. Thanks for the tips,I just got into shaving with an electric shaver. Thanks for the tips,UgjYqFLXT52tMngCoAEC,True,none,3,2017-01-17T01:56:53.000Z,2017-01-17T01:56:53.000Z
value,Mark Humphreys,https://yt3.ggpht.com/a/AGF-l7-Fgu0uvrAuppkvdl0ikLYBn4hyKlz99_hoxA=s48-c-k-c0xffffffff-no-rj-mo,http://www.youtube.com/channel/UC-iv2cw1IrHrNA5YC2_41zg,UC-iv2cw1IrHrNA5YC2_41zg,q4PWBf04V54,+MuristekTV Good tips!,+MuristekTV Good tips!,UgjYqFLXT52tMngCoAEC,True,none,0,2015-11-14T16:50:28.000Z,2015-11-14T16:50:28.000Z
value,neil dsouza,https://yt3.ggpht.com/a/AGF-l7-Wf4ZULGFTUFiMautrtREhnH56GV5zkS0lPg=s48-c-k-c0xffffffff-no-rj-mo,http://www.youtube.com/channel/UCN2OG2IkC1z2UXtQJDK-8Iw,UCN2OG2IkC1z2UXtQJDK-8Iw,q4PWBf04V54,That&#39;s lying 20 years back lol,That's lying 20 years back lol,UgjR2oSWPemCRHgCoAEC,True,none,1,2019-03-27T11:25:02.000Z,2019-03-27T11:25:02.000Z
value,R B,https://yt3.ggpht.com/a/AGF-l78eS14bWOEJgT8fx4lTqP1_0m-5ophmb-UKYA=s48-c-k-c0xffffffff-no-rj-mo,http://www.youtube.com/channel/UCiDuLHNKAzrmvvAWzxWUkAw,UCiDuLHNKAzrmvvAWzxWUkAw,q4PWBf04V54,Agreed!!!  A DE Safety razor is a much better shave than any electric razor will ever give you.,Agreed!!!  A DE Safety razor is a much better shave than any electric razor will ever give you.,UgjR2oSWPemCRHgCoAEC,True,none,1,2018-11-26T02:42:01.000Z,2018-11-26T02:42:01.000Z
value,Mark Humphreys,https://yt3.ggpht.com/a/AGF-l7-Fgu0uvrAuppkvdl0ikLYBn4hyKlz99_hoxA=s48-c-k-c0xffffffff-no-rj-mo,http://www.youtube.com/channel/UC-iv2cw1IrHrNA5YC2_41zg,UC-iv2cw1IrHrNA5YC2_41zg,q4PWBf04V54,@*****Â So far they haven&#39;t even hinted at fading. So you should be good for a loooong time.Â ,@*****Â So far they haven't even hinted at fading. So you should be good for a loooong time.Â ,UgiQGW6kyi7KbXgCoAEC,True,none,0,2016-03-26T07:01:03.000Z,2016-03-26T07:01:03.000Z
value,Mark Humphreys,https://yt3.ggpht.com/a/AGF-l7-Fgu0uvrAuppkvdl0ikLYBn4hyKlz99_hoxA=s48-c-k-c0xffffffff-no-rj-mo,http://www.youtube.com/channel/UC-iv2cw1IrHrNA5YC2_41zg,UC-iv2cw1IrHrNA5YC2_41zg,q4PWBf04V54,"+yourtub That&#39;s kind of what I thought as well, but honestly, it is a brilliant shave to this day. Incredible.","+yourtub That's kind of what I thought as well, but honestly, it is a brilliant shave to this day. Incredible.",UgiQGW6kyi7KbXgCoAEC,True,none,1,2016-01-19T06:59:03.000Z,2016-01-19T06:59:03.000Z
value,Mark Humphreys,https://yt3.ggpht.com/a/AGF-l7-Fgu0uvrAuppkvdl0ikLYBn4hyKlz99_hoxA=s48-c-k-c0xffffffff-no-rj-mo,http://www.youtube.com/channel/UC-iv2cw1IrHrNA5YC2_41zg,UC-iv2cw1IrHrNA5YC2_41zg,q4PWBf04V54,Yep! I use it all the time! I just used it in my latest video.,Yep! I use it all the time! I just used it in my latest video.,UgjTtrYibtvwiHgCoAEC,True,none,0,2015-11-20T01:46:10.000Z,2015-11-20T01:46:10.000Z
value,alo2acs,https://yt3.ggpht.com/a/AGF-l7-NWwaXgauOTZ9HkmoKLBXxSiL7B3Bg4diXaQ=s48-c-k-c0xffffffff-no-rj-mo,http://www.youtube.com/channel/UCahXEq_41N-BpmU1ZvPqYsw,UCahXEq_41N-BpmU1ZvPqYsw,q4PWBf04V54,"Oh, so it has both a close shaver and a coarser trimmer?","Oh, so it has both a close shaver and a coarser trimmer?",UgjTtrYibtvwiHgCoAEC,True,none,0,2015-11-19T06:14:03.000Z,2015-11-19T06:14:03.000Z
value,Mark Humphreys,https://yt3.ggpht.com/a/AGF-l7-Fgu0uvrAuppkvdl0ikLYBn4hyKlz99_hoxA=s48-c-k-c0xffffffff-no-rj-mo,http://www.youtube.com/channel/UC-iv2cw1IrHrNA5YC2_41zg,UC-iv2cw1IrHrNA5YC2_41zg,q4PWBf04V54,+alotan2acs The back side of the Braun Series 5!,+alotan2acs The back side of the Braun Series 5!,UgjTtrYibtvwiHgCoAEC,True,none,0,2015-11-19T02:04:27.000Z,2015-11-19T02:04:27.000Z
value,Tanner Grinzel,https://yt3.ggpht.com/a/AGF-l79NxA9_QGX2FMvcMSAgJlpCHHkyySOqtJ960g=s48-c-k-c0xffffffff-no-rj-mo,http://www.youtube.com/channel/UCGWaPVdk_IcIQxcH2vuxdng,UCGWaPVdk_IcIQxcH2vuxdng,q4PWBf04V54,Daquan Witcher its the Braun series 5 wet + dry,Daquan Witcher its the Braun series 5 wet + dry,UgiiAb971wqMo3gCoAEC,True,none,0,2017-12-27T02:02:53.000Z,2017-12-27T02:02:53.000Z
value,Mark Humphreys,https://yt3.ggpht.com/a/AGF-l7-Fgu0uvrAuppkvdl0ikLYBn4hyKlz99_hoxA=s48-c-k-c0xffffffff-no-rj-mo,http://www.youtube.com/channel/UC-iv2cw1IrHrNA5YC2_41zg,UC-iv2cw1IrHrNA5YC2_41zg,q4PWBf04V54,"RHIAN!!! Your name is misspelled... hahaha<br /><br />And no, I haven&#39;t! I&#39;m kind of nervous to try it!","RHIAN!!! Your name is misspelled... hahaha

And no, I haven't! I'm kind of nervous to try it!",UgjWyN-vIVYj8HgCoAEC,True,none,0,2016-05-25T03:46:10.000Z,2016-05-25T03:46:10.000Z
value,Simulated goat,https://yt3.ggpht.com/a/AGF-l78gsS58We23DFNo28I6HmV50kwkzBErtAU3jg=s48-c-k-c0xffffffff-no-rj-mo,http://www.youtube.com/channel/UC6BCp95cLPtoE0tX-zY3KqA,UC6BCp95cLPtoE0tX-zY3KqA,q4PWBf04V54,@TheRevengingGamer razor guard?,@TheRevengingGamer razor guard?,UggYPTd0wS0W33gCoAEC,True,none,0,2019-03-13T06:38:01.000Z,2019-03-13T06:38:01.000Z
value,TheRevengingGamer,https://yt3.ggpht.com/a/AGF-l7_rjvhSIJX_D_fkCwbe2paeDpglvR12Tcjb6w=s48-c-k-c0xffffffff-no-rj-mo,http://www.youtube.com/channel/UC0wHBNvBMWJh-hO0uhbfzhg,UC0wHBNvBMWJh-hO0uhbfzhg,q4PWBf04V54,P A U L P A U L - How do you trim without cutting everything off?,P A U L P A U L - How do you trim without cutting everything off?,UggYPTd0wS0W33gCoAEC,True,none,0,2018-03-02T12:28:18.000Z,2018-03-02T12:28:18.000Z
value,Mark Humphreys,https://yt3.ggpht.com/a/AGF-l7-Fgu0uvrAuppkvdl0ikLYBn4hyKlz99_hoxA=s48-c-k-c0xffffffff-no-rj-mo,http://www.youtube.com/channel/UC-iv2cw1IrHrNA5YC2_41zg,UC-iv2cw1IrHrNA5YC2_41zg,q4PWBf04V54,"+ilia djondric I used foam, and I did not rinse the braun before the wet shave, just after.","+ilia djondric I used foam, and I did not rinse the braun before the wet shave, just after.",UghODG75BiKasHgCoAEC,True,none,1,2015-10-21T01:19:58.000Z,2015-10-21T01:19:58.000Z
value,James A,https://yt3.ggpht.com/a/AGF-l78nCu8Fy5oxFdCSJKsc6r566_JoWFGBXJ5-qw=s48-c-k-c0xffffffff-no-rj-mo,http://www.youtube.com/channel/UCO8wEOBKdjNmg75yMEvJP9A,UCO8wEOBKdjNmg75yMEvJP9A,q4PWBf04V54,HenryEYE I&#39;d call him daddy,HenryEYE I'd call him daddy,Ugg4d6dXGO2zzXgCoAEC,True,none,0,2017-10-03T21:29:59.000Z,2017-10-03T21:29:59.000Z
value,Mark Humphreys,https://yt3.ggpht.com/a/AGF-l7-Fgu0uvrAuppkvdl0ikLYBn4hyKlz99_hoxA=s48-c-k-c0xffffffff-no-rj-mo,http://www.youtube.com/channel/UC-iv2cw1IrHrNA5YC2_41zg,UC-iv2cw1IrHrNA5YC2_41zg,q4PWBf04V54,"+Scott Gibson So that was a confusing part of the video. I filmed it in the mirror when I shaved it, but when he chose which side was better we we&#39;re filming normally. So the sides were flipped from your perspective. :/","+Scott Gibson So that was a confusing part of the video. I filmed it in the mirror when I shaved it, but when he chose which side was better we we're filming normally. So the sides were flipped from your perspective. :/",Ugj11QMbC9KhH3gCoAEC,True,none,8,2015-09-12T20:07:22.000Z,2015-09-12T20:07:22.000Z
value,Mark Humphreys,https://yt3.ggpht.com/a/AGF-l7-Fgu0uvrAuppkvdl0ikLYBn4hyKlz99_hoxA=s48-c-k-c0xffffffff-no-rj-mo,http://www.youtube.com/channel/UC-iv2cw1IrHrNA5YC2_41zg,UC-iv2cw1IrHrNA5YC2_41zg,q4PWBf04V54,+bhsbass Never tried it! Is it awesome?,+bhsbass Never tried it! Is it awesome?,Ugg2m18rwmH39HgCoAEC,True,none,0,2015-10-21T01:20:09.000Z,2015-10-21T01:20:09.000Z
value,trevor stevenson,https://yt3.ggpht.com/a/AGF-l78GmYG0fOTlcig_ZdhHzaj3KdwY6qtkNWqoPg=s48-c-k-c0xffffffff-no-rj-mo,http://www.youtube.com/channel/UCixJiAcAwFtBN7bf8fivKPg,UCixJiAcAwFtBN7bf8fivKPg,q4PWBf04V54,Jeffry Suputra thanks for the reply,Jeffry Suputra thanks for the reply,Ugg0GK43xBQtiHgCoAEC,True,none,0,2017-05-27T12:41:56.000Z,2017-05-27T12:41:56.000Z
value,Je Je,https://yt3.ggpht.com/a/AGF-l78T81BFwMPTl56L8aaXEdUHm03hH_sO5bd6=s48-c-k-c0xffffffff-no-rj-mo,http://www.youtube.com/channel/UC-4F3OtERG7YZnpcmcIYIHA,UC-4F3OtERG7YZnpcmcIYIHA,q4PWBf04V54,"+trevor stevenson there some many kind of electric shaver type. i don&#39;t know the exact purpose of each type, my friend have one, i don&#39;t know it&#39;s like 3 spinning  round razors, never tried on bulky hair tho :3","+trevor stevenson there some many kind of electric shaver type. i don't know the exact purpose of each type, my friend have one, i don't know it's like 3 spinning  round razors, never tried on bulky hair tho :3",Ugg0GK43xBQtiHgCoAEC,True,none,0,2017-05-27T09:53:39.000Z,2017-05-27T09:53:39.000Z
value,Je Je,https://yt3.ggpht.com/a/AGF-l78T81BFwMPTl56L8aaXEdUHm03hH_sO5bd6=s48-c-k-c0xffffffff-no-rj-mo,http://www.youtube.com/channel/UC-4F3OtERG7YZnpcmcIYIHA,UC-4F3OtERG7YZnpcmcIYIHA,q4PWBf04V54,"lol, i bought a cheap electric trimer about 20$ i geass, but fuck yeah it&#39;s suck an obvious garbage lol. i have tried my friend&#39;s electric shaver i dunno i think it&#39;s from philips or something, he said he bought it from ace hardware for about 60$ and it did the job but not as smooth as regular razor lol. i bought mach3 for about a year ago, and now i use the 2nd razor and it still sharp, imho it worth the money.","lol, i bought a cheap electric trimer about 20$ i geass, but fuck yeah it's suck an obvious garbage lol. i have tried my friend's electric shaver i dunno i think it's from philips or something, he said he bought it from ace hardware for about 60$ and it did the job but not as smooth as regular razor lol. i bought mach3 for about a year ago, and now i use the 2nd razor and it still sharp, imho it worth the money.",Ugg0GK43xBQtiHgCoAEC,True,none,0,2017-05-27T09:46:26.000Z,2017-05-27T09:46:26.000Z
value,trevor stevenson,https://yt3.ggpht.com/a/AGF-l78GmYG0fOTlcig_ZdhHzaj3KdwY6qtkNWqoPg=s48-c-k-c0xffffffff-no-rj-mo,http://www.youtube.com/channel/UCixJiAcAwFtBN7bf8fivKPg,UCixJiAcAwFtBN7bf8fivKPg,q4PWBf04V54,Jeffry Suputra can someone please explain to me how he used the braun shaver and removed so much bulk of hair?,Jeffry Suputra can someone please explain to me how he used the braun shaver and removed so much bulk of hair?,Ugg0GK43xBQtiHgCoAEC,True,none,0,2017-05-26T15:39:59.000Z,2017-05-26T15:39:59.000Z
value,Methylenedream,https://yt3.ggpht.com/a/AGF-l7-HdpBwZsK66Kdg8H-ewQUY5_dTAgUvxyzqhg=s48-c-k-c0xffffffff-no-rj-mo,http://www.youtube.com/channel/UCQ5mBoKjp9kHVH9I2sMoLYQ,UCQ5mBoKjp9kHVH9I2sMoLYQ,q4PWBf04V54,"Just steal em ... nah I&#39;m jk.<br /><br />But I say it cuz fucking Gillete and Schick conspired together (they refused to undercut each other) so they can sell you 3 blades for fucking $18 that probably cost like $1-$2 to make.<br /><br />I&#39;ve always used a regular razor (I liked my mach3 for years), but now I&#39;m getting tired of &#39;hypothetically&#39; stealing them (because fuck Gillete and Schick) and want to try out an electric.<br /><br />But fuck there&#39;s such a range of price and I have no idea I&#39;ve always just used a blade but it&#39;s time that change.  Now to try and figure out what the best electric is for the price (fuck some of them are expensive) and god damn there&#39;s so many out there it&#39;s like i&#39;d need to fucking try em first before I drop $100.<br /><br />Anyways, I&#39;m just ranting like an idiot and you don&#39;t care, or shouldn&#39;t ... cuz I&#39;m a ranting idiot.  Fuck i&#39;m high or something.  <br /><br />If you&#39;ve found a particular electric you&#39;ve tried and liked care to share?  Just don&#39;t know when it&#39;s just overpriced cuz it looks good or has a name behind it or when its cheap and actually a good razor.","Just steal em ... nah I'm jk.

But I say it cuz fucking Gillete and Schick conspired together (they refused to undercut each other) so they can sell you 3 blades for fucking $18 that probably cost like $1-$2 to make.

I've always used a regular razor (I liked my mach3 for years), but now I'm getting tired of 'hypothetically' stealing them (because fuck Gillete and Schick) and want to try out an electric.

But fuck there's such a range of price and I have no idea I've always just used a blade but it's time that change.  Now to try and figure out what the best electric is for the price (fuck some of them are expensive) and god damn there's so many out there it's like i'd need to fucking try em first before I drop $100.

Anyways, I'm just ranting like an idiot and you don't care, or shouldn't ... cuz I'm a ranting idiot.  Fuck i'm high or something.  

If you've found a particular electric you've tried and liked care to share?  Just don't know when it's just overpriced cuz it looks good or has a name behind it or when its cheap and actually a good razor.",Ugg0GK43xBQtiHgCoAEC,True,none,1,2016-12-03T07:49:02.000Z,2016-12-03T07:49:02.000Z
value,Mark Humphreys,https://yt3.ggpht.com/a/AGF-l7-Fgu0uvrAuppkvdl0ikLYBn4hyKlz99_hoxA=s48-c-k-c0xffffffff-no-rj-mo,http://www.youtube.com/channel/UC-iv2cw1IrHrNA5YC2_41zg,UC-iv2cw1IrHrNA5YC2_41zg,q4PWBf04V54,+Daws 001 HHeyyooo! Thanks!! :D,+Daws 001 HHeyyooo! Thanks!! :D,UgiX6WDbP1ZAR3gCoAEC,True,none,0,2016-01-19T06:58:33.000Z,2016-01-19T06:58:33.000Z
value,Didzis S,https://yt3.ggpht.com/a/AGF-l78uhUzNQQXC94ZvXvv57Vxu-BA7TPYe612v4w=s48-c-k-c0xffffffff-no-rj-mo,http://www.youtube.com/channel/UCkdMy0zNLmRXGLlzX9H7JCA,UCkdMy0zNLmRXGLlzX9H7JCA,q4PWBf04V54,I have been shaving for about 15 years and nevar had cut myself. You just need to learn how to shave ;D,I have been shaving for about 15 years and nevar had cut myself. You just need to learn how to shave ;D,UgzVVRYEU0EPtKrW0Ih4AaABAg,True,none,0,2018-11-23T10:36:13.000Z,2018-11-23T10:36:13.000Z
value,Tanner Grinzel,https://yt3.ggpht.com/a/AGF-l79NxA9_QGX2FMvcMSAgJlpCHHkyySOqtJ960g=s48-c-k-c0xffffffff-no-rj-mo,http://www.youtube.com/channel/UCGWaPVdk_IcIQxcH2vuxdng,UCGWaPVdk_IcIQxcH2vuxdng,q4PWBf04V54,Jose Lopez it will still give you a close shave,Jose Lopez it will still give you a close shave,UgiE0RmEwxn5ZngCoAEC,True,none,0,2017-12-27T02:02:18.000Z,2017-12-27T02:02:18.000Z
value,Angeline Huffman,https://yt3.ggpht.com/a/AGF-l79Pbz6-olT7NjFoZFm5Y-rP1uJoXyZiXw0IlA=s48-c-k-c0xffffffff-no-rj-mo,http://www.youtube.com/channel/UCmHcvRkJGJi91X3fknzc5yw,UCmHcvRkJGJi91X3fknzc5yw,q4PWBf04V54,Andrew721 Ju,Andrew721 Ju,Uggs-X5ASjWWIXgCoAEC,True,none,0,2017-05-23T00:00:31.000Z,2017-05-23T00:00:31.000Z
value,knightmire,https://yt3.ggpht.com/a/AGF-l79favsgPXWYdgTUV6HWS-Qi0sAWnHNplQZ_MA=s48-c-k-c0xffffffff-no-rj-mo,http://www.youtube.com/channel/UCDpyVv2Gj2lLxxRICoOAPFg,UCDpyVv2Gj2lLxxRICoOAPFg,q4PWBf04V54,"+Mark Humphreys yes the mirror depicts lateral inversion. Left appears right, right appears left.","+Mark Humphreys yes the mirror depicts lateral inversion. Left appears right, right appears left.",Uggs-X5ASjWWIXgCoAEC,True,none,0,2016-09-05T18:25:18.000Z,2016-09-05T18:25:18.000Z
value,Mark Humphreys,https://yt3.ggpht.com/a/AGF-l7-Fgu0uvrAuppkvdl0ikLYBn4hyKlz99_hoxA=s48-c-k-c0xffffffff-no-rj-mo,http://www.youtube.com/channel/UC-iv2cw1IrHrNA5YC2_41zg,UC-iv2cw1IrHrNA5YC2_41zg,q4PWBf04V54,"@andrew1p1Â It&#39;s actually the shaving part that is done in the mirror. So the judgement seems reversed, but it&#39;s not.Â ","@andrew1p1Â It's actually the shaving part that is done in the mirror. So the judgement seems reversed, but it's not.Â ",Uggs-X5ASjWWIXgCoAEC,True,none,0,2016-01-20T01:37:12.000Z,2016-01-20T01:37:12.000Z
value,AndyPandy777,https://yt3.ggpht.com/a/AGF-l7_YJ6khcivciznEWZOFyao2poBFPO4kg-wLTg=s48-c-k-c0xffffffff-no-rj-mo,http://www.youtube.com/channel/UCIbpSga7TG31-WvvgsO-UNQ,UCIbpSga7TG31-WvvgsO-UNQ,q4PWBf04V54,"oh right haha sorry mate,Â Â Â  so the part when he feels your face is that recorded on the mirror.","oh right haha sorry mate,Â Â Â  so the part when he feels your face is that recorded on the mirror.",Uggs-X5ASjWWIXgCoAEC,True,none,0,2016-01-19T16:05:23.000Z,2016-01-19T16:05:23.000Z
value,Mark Humphreys,https://yt3.ggpht.com/a/AGF-l7-Fgu0uvrAuppkvdl0ikLYBn4hyKlz99_hoxA=s48-c-k-c0xffffffff-no-rj-mo,http://www.youtube.com/channel/UC-iv2cw1IrHrNA5YC2_41zg,UC-iv2cw1IrHrNA5YC2_41zg,q4PWBf04V54,"+andrew1p1 You did catch that! However, the shaving part was filmed in a mirror, so it was like a backwards confusion of a result for the audience. But it was a true result.","+andrew1p1 You did catch that! However, the shaving part was filmed in a mirror, so it was like a backwards confusion of a result for the audience. But it was a true result.",Uggs-X5ASjWWIXgCoAEC,True,none,0,2016-01-19T06:59:52.000Z,2016-01-19T06:59:52.000Z
value,IAMJAYZON,https://yt3.ggpht.com/a/AGF-l7-TSC1oODD7i6BdVEzcK6ufnEHwUYJs-f89Xw=s48-c-k-c0xffffffff-no-rj-mo,http://www.youtube.com/channel/UCFBEJsXlCQldfnKu-XV5tRA,UCFBEJsXlCQldfnKu-XV5tRA,q4PWBf04V54,Idrees Baksh electric,Idrees Baksh electric,UgjOE5bx2AfeFXgCoAEC,True,none,4,2016-11-27T06:25:42.000Z,2016-11-27T06:25:42.000Z
value,Mark Humphreys,https://yt3.ggpht.com/a/AGF-l7-Fgu0uvrAuppkvdl0ikLYBn4hyKlz99_hoxA=s48-c-k-c0xffffffff-no-rj-mo,http://www.youtube.com/channel/UC-iv2cw1IrHrNA5YC2_41zg,UC-iv2cw1IrHrNA5YC2_41zg,q4PWBf04V54,"It totally exists. Mine does have that feature, but I hardly ever use it. I usually grow, and then shave it all, grow, and then shave. It&#39;s a great process. hahaÂ ","It totally exists. Mine does have that feature, but I hardly ever use it. I usually grow, and then shave it all, grow, and then shave. It's a great process. hahaÂ ",UgiSU1d0XBJiLHgCoAEC,True,none,1,2015-06-13T17:59:27.000Z,2015-06-13T17:59:27.000Z
value,tlyfanic,https://yt3.ggpht.com/a/AGF-l78n27Lhqy5Q2AQ5agjCB8qV1zXYHJgx47KE=s48-c-k-c0xffffffff-no-rj-mo,http://www.youtube.com/channel/UCAvdH6ChIORmaz1jEJ5GYEQ,UCAvdH6ChIORmaz1jEJ5GYEQ,q4PWBf04V54,@MarksBucket<br />Â but does your trimmer have guards ? so that you just cut a bit and not all of it ? or that doesnt exit only in hairclippers?,"@MarksBucket
Â but does your trimmer have guards ? so that you just cut a bit and not all of it ? or that doesnt exit only in hairclippers?",UgiSU1d0XBJiLHgCoAEC,True,none,0,2015-06-10T23:56:17.000Z,2015-06-10T23:56:17.000Z
value,Mark Humphreys,https://yt3.ggpht.com/a/AGF-l7-Fgu0uvrAuppkvdl0ikLYBn4hyKlz99_hoxA=s48-c-k-c0xffffffff-no-rj-mo,http://www.youtube.com/channel/UC-iv2cw1IrHrNA5YC2_41zg,UC-iv2cw1IrHrNA5YC2_41zg,q4PWBf04V54,"@tlyfanic I used a trimmer for both sides,  but each side was using a different trimmer. Normally, I just trim the whole thing with one. The Wahl trimmer is a good one!","@tlyfanic I used a trimmer for both sides,  but each side was using a different trimmer. Normally, I just trim the whole thing with one. The Wahl trimmer is a good one!",UgiSU1d0XBJiLHgCoAEC,True,none,0,2015-06-10T23:44:24.000Z,2015-06-10T23:44:24.000Z
value,Tanner Grinzel,https://yt3.ggpht.com/a/AGF-l79NxA9_QGX2FMvcMSAgJlpCHHkyySOqtJ960g=s48-c-k-c0xffffffff-no-rj-mo,http://www.youtube.com/channel/UCGWaPVdk_IcIQxcH2vuxdng,UCGWaPVdk_IcIQxcH2vuxdng,q4PWBf04V54,TanusFox yeah cartridge razors are modern,TanusFox yeah cartridge razors are modern,Ugh1QMuSaZmI_ngCoAEC,True,none,0,2017-12-27T02:01:28.000Z,2017-12-27T02:01:28.000Z
value,Jose O,https://yt3.ggpht.com/a/AGF-l7-AkKaa-Qb0C7ZCR4V4PFan71X4jArBthe-qg=s48-c-k-c0xffffffff-no-rj-mo,http://www.youtube.com/channel/UCh4JpJD5q3XLFA_hJM3rYdw,UCh4JpJD5q3XLFA_hJM3rYdw,q4PWBf04V54,"+TheRammo my experience with a series 5: the foils needed changing after 12 months using 4 times per week. I dont know yet with  series 7 although Braun says 18 months, I find too optimistic","+TheRammo my experience with a series 5: the foils needed changing after 12 months using 4 times per week. I dont know yet with  series 7 although Braun says 18 months, I find too optimistic",UgiefN298r_CHXgCoAEC,True,none,0,2016-03-26T19:01:51.000Z,2016-03-26T19:01:51.000Z
value,Jose O,https://yt3.ggpht.com/a/AGF-l7-AkKaa-Qb0C7ZCR4V4PFan71X4jArBthe-qg=s48-c-k-c0xffffffff-no-rj-mo,http://www.youtube.com/channel/UCh4JpJD5q3XLFA_hJM3rYdw,UCh4JpJD5q3XLFA_hJM3rYdw,q4PWBf04V54,+TheRammo Braun claims one and a half year.,+TheRammo Braun claims one and a half year.,UgiefN298r_CHXgCoAEC,True,none,0,2016-03-26T09:32:29.000Z,2016-03-26T09:32:29.000Z
value,Chris B,https://yt3.ggpht.com/a/AGF-l78ADq4A_IoaPDlXO9pbLTBGi6tXoK4wqbDPyw=s48-c-k-c0xffffffff-no-rj-mo,http://www.youtube.com/channel/UCt0kFoIg20aAVMPTPgbgPSg,UCt0kFoIg20aAVMPTPgbgPSg,q4PWBf04V54,+Jose O thanks bud. I&#39;ll take a look,+Jose O thanks bud. I'll take a look,UgiefN298r_CHXgCoAEC,True,none,0,2016-03-09T22:29:44.000Z,2016-03-09T22:29:44.000Z
value,Jose O,https://yt3.ggpht.com/a/AGF-l7-AkKaa-Qb0C7ZCR4V4PFan71X4jArBthe-qg=s48-c-k-c0xffffffff-no-rj-mo,http://www.youtube.com/channel/UCh4JpJD5q3XLFA_hJM3rYdw,UCh4JpJD5q3XLFA_hJM3rYdw,q4PWBf04V54,"+Chris BÂ  yes, mine: Braun 740 wet&amp;dry, 98% as close shave as a DE razor but I can use daily. Dry, gel, foam... wet&amp;dry","+Chris BÂ  yes, mine: Braun 740 wet&dry, 98% as close shave as a DE razor but I can use daily. Dry, gel, foam... wet&dry",UgiefN298r_CHXgCoAEC,True,none,0,2016-03-09T22:24:04.000Z,2016-03-09T22:24:04.000Z
value,FadeBG,https://yt3.ggpht.com/a/AGF-l79BCG7AFmRJ8fZZE1A3627dCvatpW5MQAzG8A=s48-c-k-c0xffffffff-no-rj-mo,http://www.youtube.com/channel/UC6BB89H9tr34glPbSowBxVg,UC6BB89H9tr34glPbSowBxVg,q4PWBf04V54,"yup , I use electric razor and my mustache starts appearing again in about 2 days :) , and I think the electric one is better","yup , I use electric razor and my mustache starts appearing again in about 2 days :) , and I think the electric one is better",Ugj9UiHyqx__9ngCoAEC,True,none,0,2016-09-09T15:15:27.000Z,2016-09-09T15:15:27.000Z
value,Mark Humphreys,https://yt3.ggpht.com/a/AGF-l7-Fgu0uvrAuppkvdl0ikLYBn4hyKlz99_hoxA=s48-c-k-c0xffffffff-no-rj-mo,http://www.youtube.com/channel/UC-iv2cw1IrHrNA5YC2_41zg,UC-iv2cw1IrHrNA5YC2_41zg,q4PWBf04V54,@E R.A.Â Hahahaha,@E R.A.Â Hahahaha,UgigXD1owCWxwXgCoAEC,True,none,1,2015-08-27T00:14:18.000Z,2015-08-27T00:14:18.000Z
value,E R.A.,https://yt3.ggpht.com/a/AGF-l79hoQWQGXDJtifRd-VgZdlYBYIz7xgMmrgXaw=s48-c-k-c0xffffffff-no-rj-mo,http://www.youtube.com/channel/UCQbQQzkY4HM81QK3iSxXjIA,UCQbQQzkY4HM81QK3iSxXjIA,q4PWBf04V54,+Midnight Creature an axe???????/ Blood?..........girly style............REAL MAN SHAVES WITH A FUCKING ELECTRIC GRINDER FULL SPEED AND WET SAND INSTEAD OF SHAVING GEL..........,+Midnight Creature an axe???????/ Blood?..........girly style............REAL MAN SHAVES WITH A FUCKING ELECTRIC GRINDER FULL SPEED AND WET SAND INSTEAD OF SHAVING GEL..........,UgigXD1owCWxwXgCoAEC,True,none,5,2015-08-26T20:27:49.000Z,2015-08-26T20:27:49.000Z
value,Mark Humphreys,https://yt3.ggpht.com/a/AGF-l7-Fgu0uvrAuppkvdl0ikLYBn4hyKlz99_hoxA=s48-c-k-c0xffffffff-no-rj-mo,http://www.youtube.com/channel/UC-iv2cw1IrHrNA5YC2_41zg,UC-iv2cw1IrHrNA5YC2_41zg,q4PWBf04V54,@*****Â HAHAHA,@*****Â HAHAHA,UgigXD1owCWxwXgCoAEC,True,none,2,2015-07-28T05:29:19.000Z,2015-07-28T05:29:19.000Z
value,Chris Shaves,https://yt3.ggpht.com/a/AGF-l79NPxull5yIJEYwBjl5U6AbZ8Ul9iUTM7exgQ=s48-c-k-c0xffffffff-no-rj-mo,http://www.youtube.com/channel/UC2juIpDdq9N92UosE0IStvg,UC2juIpDdq9N92UosE0IStvg,q4PWBf04V54,Yes ! Â that would be a great video ! Â by traditional I mean something that our grandparents used when they were young Â and the staple of shaving which would be safety razors and straight razors.,Yes ! Â that would be a great video ! Â by traditional I mean something that our grandparents used when they were young Â and the staple of shaving which would be safety razors and straight razors.,UgigXD1owCWxwXgCoAEC,True,none,0,2015-07-18T18:41:06.000Z,2015-07-18T18:41:06.000Z
value,Mark Humphreys,https://yt3.ggpht.com/a/AGF-l7-Fgu0uvrAuppkvdl0ikLYBn4hyKlz99_hoxA=s48-c-k-c0xffffffff-no-rj-mo,http://www.youtube.com/channel/UC-iv2cw1IrHrNA5YC2_41zg,UC-iv2cw1IrHrNA5YC2_41zg,q4PWBf04V54,"@Chris Coyle Ok, if we are really going to get technical, I guess you could say that a safety razor isn&#39;t even &quot;traditional&quot; shaving. You are simply mentioning that the safety razor method is older than a cartridge razor. So in my next video would you like me to use an old sharpened rock? I think that is the true &quot;traditional&quot; shaving you are talking about.","@Chris Coyle Ok, if we are really going to get technical, I guess you could say that a safety razor isn't even ""traditional"" shaving. You are simply mentioning that the safety razor method is older than a cartridge razor. So in my next video would you like me to use an old sharpened rock? I think that is the true ""traditional"" shaving you are talking about.",UgigXD1owCWxwXgCoAEC,True,none,2,2015-07-18T18:18:21.000Z,2015-07-18T18:18:21.000Z
